,"Table 3.2",,,"Gross disposable household income1 (GDHI) per head at current basic prices",,,,,,,,,,,,,,,,
,,,,,,,,,,,,,,,,,,,,
,,,,,,,,,,,,,,,,,,,,"Â£ per head"
,,,,1997,1998,1999,2000,2001,2002,2003,2004,2005,2006,2007,2008,2009,2010,2011,2012,"20132"
,"NUTS Level 1",,,,,,,,,,,,,,,,,,,
,,"NUTS Level 2",,,,,,,,,,,,,,,,,,
,,,"NUTS Level 3",,,,,,,,,,,,,,,,,
,,,,,,,,,,,,,,,,,,,,
"UK","UNITED KINGDOM",,,"10,030","10,522","10,924","11,694","12,275","12,667","13,141","13,521","14,028","14,561","15,211","15,571","16,058","16,775","16,875","17,378","17,559"
,,,,,,,,,,,,,,,,,,,,
"UKC","North East",,,"8,707","8,970","9,183","9,760","10,343","10,626","11,055","11,576","11,832","12,275","12,568","12,834","13,544","14,141","14,199","14,805","14,927"
,,,,,,,,,,,,,,,,,,,,
"UKC1",,"Tees Valley and Durham",,"8,675","8,853","9,093","9,714","10,264","10,535","10,906","11,421","11,745","12,109","12,392","12,612","13,262","13,836","13,915","14,511","14,788"
"UKC11",,,"Hartlepool and Stockton-on-Tees","8,654","8,806","9,095","9,645","10,139","10,528","10,985","11,566","12,014","12,452","12,702","13,012","13,591","14,165","14,377","15,041","15,321"
"UKC12",,,"South Teesside","8,399","8,354","8,650","9,351","9,853","10,024","10,392","10,863","11,186","11,611","11,764","12,056","12,775","13,199","13,347","14,066","14,427"
"UKC13",,,"Darlington","8,898","8,994","9,185","9,760","10,891","11,085","11,470","11,840","12,102","12,354","12,940","12,868","13,702","14,131","13,837","14,414","14,911"
"UKC14",,,"Durham CC","8,799","9,136","9,327","9,949","10,442","10,718","11,038","11,568","11,835","12,143","12,452","12,640","13,251","13,935","13,977","14,473","14,659"
,,,,,,,,,,,,,,,,,,,,
"UKC2",,"Northumberland and Tyne and Wear",,"8,733","9,066","9,257","9,797","10,408","10,701","11,178","11,704","11,903","12,411","12,714","13,017","13,778","14,394","14,435","15,048","15,041"
"UKC21",,,"Northumberland","9,533","9,845","10,241","10,866","11,554","11,814","12,608","12,914","13,311","14,276","14,397","15,149","16,272","16,804","16,819","17,539","17,600"
"UKC22",,,"Tyneside","8,671","9,057","9,150","9,596","10,226","10,517","10,910","11,556","11,615","11,999","12,331","12,499","13,194","13,845","13,863","14,451","14,566"
"UKC23",,,"Sunderland","8,063","8,264","8,506","9,214","9,682","10,010","10,370","10,789","11,171","11,523","11,936","12,125","12,667","13,277","13,416","13,996","13,556"
,,,,,,,,,,,,,,,,,,,,
"UKD","North West",,,"9,149","9,497","9,925","10,534","10,944","11,339","11,791","12,197","12,636","13,006","13,496","13,740","14,290","14,875","14,914","15,407","15,412"
,,,,,,,,,,,,,,,,,,,,
"UKD1",,"Cumbria",,"9,278","9,767","10,166","10,467","11,327","11,555","12,206","12,668","13,261","13,710","14,237","14,461","15,267","16,165","16,132","16,735","17,178"
"UKD11",,,"West Cumbria","8,473","8,940","9,297","9,812","10,605","10,671","11,253","11,773","12,109","12,614","13,363","13,583","14,196","14,942","15,078","15,796","16,603"
"UKD12",,,"East Cumbria","10,039","10,543","10,981","11,076","11,997","12,368","13,078","13,480","14,298","14,694","15,020","15,248","16,227","17,261","17,076","17,572","17,689"
,,,,,,,,,,,,,,,,,,,,
"UKD3",,"Greater Manchester",,"9,024","9,377","9,854","10,536","10,868","11,212","11,542","11,909","12,270","12,628","13,078","13,261","13,684","14,214","14,266","14,747","14,515"
"UKD33",,,"Manchester","10,170","10,584","11,082","11,728","11,957","12,226","12,393","12,589","12,811","13,072","13,451","13,621","13,817","14,213","14,232","14,583","14,081"
"UKD34",,,"Greater Manchester South West","9,008","9,403","9,937","10,683","11,032","11,437","11,810","12,184","12,656","13,005","13,436","13,642","14,197","14,807","14,730","15,174","14,717"
"UKD35",,,"Greater Manchester South East","8,278","8,621","9,108","9,747","9,983","10,422","10,883","11,269","11,809","12,264","12,789","13,078","13,706","14,328","14,608","15,086","14,755"
"UKD36",," ","Greater Manchester North West","9,003","9,335","9,789","10,486","10,890","11,196","11,518","11,920","12,202","12,546","12,993","13,118","13,473","13,981","13,974","14,521","14,552"
"UKD37",,,"Greater Manchester North East","8,882","9,191","9,627","10,294","10,696","10,999","11,303","11,727","12,026","12,392","12,846","12,988","13,386","13,907","13,952","14,505","14,492"
,,,,,,,,,,,,,,,,,,,,
"UKD4",,"Lancashire",,"8,904","9,177","9,438","10,137","10,644","10,947","11,327","11,687","12,179","12,521","13,029","13,342","13,908","14,483","14,587","15,067","14,964"
"UKD41",,,"Blackburn with Darwen","8,011","8,184","8,546","8,792","9,098","9,155","9,581","9,883","10,347","10,633","10,781","10,699","10,935","11,722","11,597","11,845","12,276"
"UKD42",,,"Blackpool","8,940","9,313","9,311","10,074","10,480","10,602","10,490","10,775","10,758","10,953","11,508","11,840","12,413","12,971","13,327","14,187","13,848"
"UKD44",,,"Lancaster and Wyre","9,048","9,369","9,625","10,379","10,909","11,294","11,738","12,087","12,625","13,030","13,602","14,017","14,729","15,278","15,375","15,820","15,655"
"UKD45",,,"Mid Lancashire","9,253","9,552","9,817","10,567","11,171","11,492","11,890","12,231","12,776","13,114","13,606","13,928","14,621","15,193","15,143","15,618","15,497"
"UKD46",,,"East Lancashire","8,814","9,074","9,365","10,139","10,642","11,013","11,499","11,951","12,555","12,932","13,545","13,937","14,294","14,812","14,849","15,304","15,166"
"UKD47",,,"Chorley and West Lancashire","8,847","9,043","9,362","10,048","10,567","10,928","11,339","11,692","12,228","12,588","13,107","13,425","14,150","14,713","15,181","15,640","15,468"
,,,,,,,,,,,,,,,,,,,,
"UKD6",,"Cheshire",,"10,465","10,817","11,450","12,092","12,317","13,053","13,892","14,464","15,151","15,619","16,068","16,396","16,980","17,604","17,588","18,128","18,303"
"UKD61",,,"Warrington","9,827","10,266","10,824","11,820","12,392","12,611","13,119","13,855","14,288","14,711","15,343","15,441","15,783","16,358","16,361","16,872","16,982"
"UKD62",,,"Cheshire East","11,071","11,427","12,116","12,691","12,787","13,689","14,642","15,149","15,937","16,428","16,783","17,141","17,808","18,504","18,410","19,037","19,042"
"UKD63",,,"Cheshire West and Chester","10,177","10,472","11,090","11,599","11,758","12,619","13,528","14,072","14,796","15,265","15,710","16,141","16,780","17,358","17,418","17,877","18,289"
,,,,,,,,,,,,,,,,,,,,
"UKD7",,"Merseyside",,"8,797","9,154","9,549","10,027","10,436","10,859","11,290","11,693","12,014","12,341","12,894","13,136","13,792","14,359","14,380","14,847","15,140"
"UKD71",,,"East Merseyside","7,819","8,118","8,574","9,305","9,864","10,142","10,540","11,019","11,498","11,863","12,517","12,739","13,232","13,755","13,856","14,222","14,648"
"UKD72",,,"Liverpool","8,029","8,326","8,684","9,171","9,724","10,106","10,463","10,911","11,003","11,454","11,858","11,938","12,532","13,092","13,139","13,511","13,959"
"UKD73",,,"Sefton","10,725","11,135","11,552","11,399","11,177","11,749","12,172","12,552","13,216","13,430","13,884","14,233","15,206","15,820","15,803","16,457","16,757"
"UKD74",,,"Wirral","9,540","10,018","10,353","11,024","11,579","12,139","12,731","12,995","13,140","13,341","14,049","14,461","15,175","15,784","15,700","16,307","16,183"
,,,,,,,,,,,,,,,,,,,,
"UKE","Yorkshire and The Humber",,,"9,039","9,507","9,888","10,460","10,849","11,263","11,743","12,111","12,465","12,917","13,294","13,543","13,998","14,554","14,641","15,047","15,252"
,,,,,,,,,,,,,,,,,,,,
"UKE1",,"East Yorkshire and Northern Lincolnshire",,"8,698","9,130","9,592","10,113","10,453","10,911","11,438","11,782","12,157","12,587","12,926","13,168","13,606","14,127","14,408","14,760","15,100"
"UKE11",,,"Kingston upon Hull, City of","7,168","7,584","7,891","8,818","9,377","9,729","9,992","10,157","10,294","10,364","10,654","11,025","11,585","11,930","12,158","12,574","13,046"
"UKE12",,,"East Riding of Yorkshire","9,932","10,342","11,221","11,416","11,487","12,037","12,729","13,195","13,923","14,571","14,800","15,053","15,643","16,348","16,552","16,847","17,025"
"UKE13",,,"North and North East Lincolnshire","8,775","9,227","9,372","9,857","10,270","10,706","11,269","11,631","11,836","12,326","12,804","12,931","13,111","13,580","13,976","14,337","14,742"
,,,,,,,,,,,,,,,,,,,,
"UKE2",,"North Yorkshire",,"10,484","11,133","11,763","11,736","12,111","12,743","13,268","13,569","14,452","15,367","15,718","16,058","16,878","17,497","17,585","18,016","18,160"
"UKE21",,,"York","9,580","10,407","11,098","11,581","11,903","12,481","12,748","12,670","12,988","13,754","14,406","14,592","15,239","15,883","15,865","16,288","15,751"
"UKE22",,,"North Yorkshire CC","10,768","11,362","11,972","11,785","12,177","12,826","13,434","13,859","14,924","15,885","16,140","16,528","17,407","18,022","18,151","18,589","18,969"
,,,,,,,,,,,,,,,,,,,,
"UKE3",,"South Yorkshire",,"8,475","8,915","9,244","9,915","10,439","10,778","11,246","11,639","11,860","12,186","12,480","12,724","13,197","13,705","13,772","14,189","14,345"
"UKE31",,,"Barnsley, Doncaster and Rotherham","8,275","8,690","9,111","9,780","10,257","10,587","11,080","11,327","11,668","12,067","12,454","12,604","13,005","13,632","13,835","14,297","14,410"
"UKE32",,,"Sheffield","8,768","9,245","9,436","10,112","10,707","11,060","11,491","12,097","12,139","12,360","12,518","12,899","13,477","13,810","13,682","14,035","14,252"
,,,,,,,,,,,,,,,,,,,,
"UKE4",,"West Yorkshire",,"9,021","9,454","9,739","10,480","10,808","11,171","11,622","12,007","12,243","12,613","13,066","13,288","13,609","14,185","14,206","14,619","14,822"
"UKE41",,,"Bradford","8,715","9,092","9,492","10,094","10,183","10,517","10,803","11,269","11,318","11,539","11,856","12,100","12,400","12,859","12,784","13,107","13,654"
"UKE42",,,"Leeds","9,511","9,939","10,234","11,001","11,464","11,828","12,248","12,505","12,776","13,235","13,766","14,091","14,425","15,032","15,202","15,766","15,752"
"UKE44",,,"Calderdale and Kirklees","8,900","9,370","9,584","10,389","10,738","11,095","11,660","12,086","12,369","12,737","13,177","13,290","13,616","14,247","14,164","14,511","14,557"
"UKE45",,,"Wakefield","8,583","9,037","9,260","10,042","10,386","10,805","11,373","11,854","12,205","12,614","13,132","13,303","13,633","14,231","14,272","14,598","15,053"
,,,,,,,,,,,,,,,,,,,,
"UKF","East Midlands",,,"9,280","9,618","9,990","10,556","11,095","11,500","12,183","12,524","13,016","13,281","14,017","14,172","14,552","15,086","15,276","15,816","15,893"
,,,,,,,,,,,,,,,,,,,,
"UKF1",,"Derbyshire and Nottinghamshire",,"8,819","9,233","9,643","10,131","10,779","11,228","11,821","12,181","12,610","12,887","13,558","13,775","14,150","14,564","14,686","15,280","15,233"
"UKF11",,,"Derby","8,776","9,169","9,322","9,648","10,163","10,687","11,160","11,448","11,894","12,166","12,373","12,269","12,716","13,007","12,979","13,619","13,788"
"UKF12",,,"East Derbyshire","8,164","8,564","9,072","9,528","10,562","11,019","11,372","11,558","11,967","12,418","13,091","13,027","13,335","13,815","13,984","14,398","14,570"
"UKF13",,,"South and West Derbyshire","9,094","9,396","9,839","10,397","11,002","11,451","12,386","13,056","13,679","13,994","14,683","15,032","15,275","15,842","16,349","17,240","17,516"
"UKF14",,,"Nottingham","7,900","8,342","8,739","9,329","9,521","9,759","9,997","9,893","10,020","10,153","10,633","10,860","11,139","11,549","11,539","11,858","11,757"
"UKF15",,,"North Nottinghamshire","8,525","9,007","9,449","10,030","10,678","11,213","11,723","12,179","12,561","12,699","13,528","13,805","14,319","14,653","14,655","15,115","14,923"
"UKF16",,,"South Nottinghamshire","10,179","10,653","11,076","11,393","12,245","12,708","13,517","13,916","14,420","14,821","15,767","16,182","16,678","17,054","16,996","17,736","17,121"
,,,,,,,,,,,,,,,,,,,,
"UKF2",,"Leicestershire, Rutland and Northamptonshire",,"9,805","10,057","10,412","11,056","11,534","11,906","12,660","13,019","13,486","13,788","14,599","14,622","14,957","15,576","15,805","16,311","16,342"
"UKF21",,,"Leicester","8,023","8,072","8,380","8,924","9,363","9,721","10,073","10,212","10,145","10,295","10,773","10,652","11,044","11,614","11,568","11,898","11,739"
"UKF22",,,"Leicestershire CC and Rutland","10,393","10,759","11,031","11,552","12,051","12,589","13,422","13,844","14,403","14,599","15,327","15,376","15,918","16,601","16,801","17,295","17,207"
"UKF24",,,"West Northamptonshire","10,259","10,487","10,954","11,819","12,318","12,544","13,448","13,880","14,533","15,039","16,156","16,252","16,372","17,006","17,410","18,225","18,674"
"UKF25",,,"North Northamptonshire","9,782","10,015","10,421","11,148","11,570","11,755","12,561","12,947","13,577","14,043","15,032","15,081","15,190","15,741","16,141","16,479","16,465"
,,,,,,,,,,,,,,,,,,,,
"UKF3",,"Lincolnshire",,"9,453","9,758","10,045","10,661","11,004","11,356","12,138","12,376","13,115","13,249","13,986","14,269","14,771","15,460","15,750","16,213","16,758"
"UKF30",,,"Lincolnshire","9,453","9,758","10,045","10,661","11,004","11,356","12,138","12,376","13,115","13,249","13,986","14,269","14,771","15,460","15,750","16,213","16,758"
,,,,,,,,,,,,,,,,,,,,
"UKG","West Midlands",,,"9,118","9,646","10,019","10,596","11,141","11,531","11,968","12,304","12,566","12,970","13,286","13,574","14,073","14,738","14,854","15,195","15,551"
,,,,,,,,,,,,,,,,,,,,
"UKG1",,"Herefordshire, Worcestershire and Warwickshire",,"10,178","10,818","11,244","11,751","12,491","12,989","13,603","14,145","14,660","15,256","15,488","15,865","16,412","17,165","17,369","17,770","18,271"
"UKG11",,,"Herefordshire, County of","9,074","9,693","9,999","10,702","11,429","11,850","12,573","12,997","13,627","14,383","14,546","14,975","15,692","16,800","17,255","17,425","17,776"
"UKG12",,,"Worcestershire","10,177","10,915","11,271","11,502","12,226","12,827","13,294","13,930","14,663","15,344","15,370","15,649","16,174","16,778","16,962","17,395","17,923"
"UKG13",,,"Warwickshire","10,552","11,100","11,644","12,384","13,142","13,554","14,282","14,762","15,007","15,457","15,929","16,390","16,900","17,689","17,830","18,277","18,801"
,,,,,,,,,,,,,,,,,,,,
"UKG2",,"Shropshire and Staffordshire",,"9,269","9,832","10,215","10,687","11,208","11,597","12,178","12,400","12,821","13,314","13,706","14,101","14,626","15,248","15,392","15,686","16,322"
"UKG21",,,"Telford and Wrekin","9,456","9,953","10,146","10,111","10,094","10,620","11,362","11,853","11,796","12,274","12,758","12,904","13,406","14,025","14,427","14,794","15,320"
"UKG22",,,"Shropshire CC","9,807","10,548","10,920","11,173","11,599","12,024","12,679","13,056","13,601","14,300","14,574","15,271","16,103","16,787","16,947","17,274","18,085"
"UKG23",,,"Stoke-on-Trent","7,893","8,172","8,642","9,191","9,406","9,680","10,112","10,398","10,824","10,909","11,449","11,605","12,016","12,474","12,733","13,048","13,586"
"UKG24",,,"Staffordshire CC","9,475","10,068","10,461","11,079","11,826","12,207","12,771","12,865","13,331","13,875","14,243","14,647","15,097","15,745","15,798","16,061","16,684"
,,,,,,,,,,,,,,,,,,,,
"UKG3",,"West Midlands",,"8,542","8,994","9,334","9,998","10,459","10,797","11,063","11,367","11,415","11,672","11,980","12,165","12,634","13,289","13,354","13,702","13,834"
"UKG31",,,"Birmingham","8,266","8,715","9,008","9,658","10,154","10,447","10,681","10,974","10,967","11,283","11,504","11,738","12,118","12,850","12,853","13,117","13,575"
"UKG32",,,"Solihull","10,828","11,352","11,824","12,787","14,166","14,772","15,323","15,649","16,071","16,250","16,578","16,777","17,357","18,096","18,393","19,139","18,721"
"UKG33",,,"Coventry","8,338","8,663","9,071","9,805","10,421","10,886","11,042","11,490","11,337","11,490","12,091","12,333","12,871","13,492","13,532","13,681","13,747"
"UKG36",,,"Dudley","8,980","9,443","9,803","10,516","10,673","10,902","11,282","11,694","11,796","12,142","12,441","12,559","13,236","13,894","14,034","14,776","14,833"
"UKG37",,,"Sandwell","7,834","8,216","8,584","9,213","9,436","9,689","9,963","10,285","10,363","10,549","10,805","10,847","11,275","11,887","11,990","12,309","12,100"
"UKG38",,,"Walsall","8,399","8,942","9,233","9,748","9,985","10,371","10,572","10,719","10,812","11,039","11,354","11,522","12,019","12,555","12,595","12,831","12,613"
"UKG39",,,"Wolverhampton","8,476","9,004","9,343","9,869","10,119","10,451","10,676","10,839","10,936","11,152","11,531","11,711","12,164","12,674","12,767","13,088","13,257"
,,,,,,,,,,,,,,,,,,,,
"UKH","East of England",,,"10,646","11,120","11,530","12,413","13,200","13,694","14,119","14,334","14,901","15,363","15,946","16,399","16,926","17,651","17,758","18,281","18,523"
,,,,,,,,,,,,,,,,,,,,
"UKH1",,"East Anglia",,"9,832","10,235","10,674","11,433","12,109","12,535","12,933","13,144","13,777","14,146","14,689","15,197","15,656","16,459","16,573","17,037","17,200"
"UKH11",,,"Peterborough","9,479","10,070","10,791","11,612","12,027","12,263","12,441","12,394","12,697","13,324","13,888","14,044","14,106","14,739","14,806","15,245","15,859"
"UKH12",,,"Cambridgeshire CC","10,742","11,254","12,043","12,853","13,145","13,806","14,124","14,542","15,521","16,145","16,612","16,911","17,377","18,073","18,013","18,490","18,820"
"UKH14",,,"Suffolk","9,669","9,982","10,223","11,179","12,033","12,440","12,970","13,171","13,760","14,121","14,563","15,306","15,887","16,594","16,617","17,135","17,184"
"UKH15",,,"Norwich and East Norfolk","9,223","9,620","9,934","10,511","11,336","11,635","12,000","12,133","12,596","12,754","13,461","13,987","14,316","15,220","15,624","16,036","16,049"
"UKH16",,,"North and West Norfolk","9,368","9,683","10,075","10,611","11,492","11,850","12,256","12,365","12,859","12,973","13,634","14,202","14,828","15,940","16,315","16,729","16,862"
"UKH17",,,"Breckland and South Norfolk","9,724","10,084","10,298","10,807","11,642","11,934","12,304","12,433","12,937","13,086","13,734","14,228","14,622","15,620","15,784","16,197","16,189"
,,,,,,,,,,,,,,,,,,,,
"UKH2",,"Bedfordshire and Hertfordshire",,"11,586","12,155","12,423","13,596","14,460","15,007","15,447","15,662","16,216","16,854","17,536","17,842","18,459","19,207","19,230","19,842","20,138"
"UKH21",,,"Luton","8,776","8,784","8,858","9,806","10,485","11,001","11,308","11,564","11,672","11,826","12,164","12,311","12,535","13,189","13,322","13,829","13,337"
"UKH23",,,"Hertfordshire","12,215","12,964","13,272","14,555","15,648","16,136","16,639","16,851","17,418","18,194","19,028","19,331","20,070","20,767","20,753","21,452","21,889"
"UKH24",,,"Bedford","10,854","11,176","11,428","12,258","12,535","13,174","13,474","13,697","14,433","14,964","15,460","15,850","16,312","17,270","17,449","17,755","17,465"
"UKH25",,,"Central Bedfordshire","11,495","11,882","12,133","13,215","13,578","14,340","14,679","14,845","15,570","16,052","16,464","16,848","17,356","18,317","18,364","18,889","19,570"
,,,,,,,,,,,,,,,,,,,,
"UKH3",,"Essex",,"10,815","11,293","11,801","12,567","13,422","13,958","14,415","14,645","15,145","15,561","16,102","16,622","17,151","17,744","17,923","18,433","18,721"
"UKH31",,,"Southend-on-Sea","9,797","10,482","10,892","11,924","12,788","13,405","13,907","13,794","14,093","14,463","14,949","15,168","15,679","16,541","16,610","17,185","16,912"
"UKH32",,,"Thurrock","9,502","9,942","9,977","10,437","11,024","11,825","12,429","12,542","12,986","13,379","13,976","14,470","14,918","15,500","15,549","15,923","16,568"
"UKH34",,,"Essex Haven Gateway","11,377","11,807","12,353","13,092","13,933","14,398","14,803","15,113","15,615","16,036","16,593","17,146","17,585","18,090","18,259","18,785","19,112"
"UKH35",,,"West Essex","10,862","11,292","11,872","12,644","13,553","14,099","14,547","14,843","15,404","15,780","16,259","16,805","17,417","18,005","18,544","19,048","19,393"
"UKH36",,,"Heart of Essex","10,996","11,520","12,166","12,935","13,866","14,370","14,792","14,979","15,503","15,970","16,519","17,119","17,818","18,412","18,501","19,039","19,307"
"UKH37",,,"Essex Thames Gateway","10,975","11,425","11,952","12,743","13,616","14,114","14,591","14,918","15,468","15,903","16,471","17,026","17,512","18,102","18,203","18,698","19,023"
,,,,,,,,,,,,,,,,,,,,
"UKI","London",,,"12,228","13,047","13,667","14,932","15,554","15,736","16,311","16,811","17,554","18,449","19,461","20,192","20,841","21,682","21,601","22,383","22,516"
,,,,,,,,,,,,,,,,,,,,
"UKI3",,"Inner London - West",,"18,968","20,571","21,745","24,332","24,709","24,188","24,911","25,926","27,827","30,332","32,967","35,234","37,315","37,825","36,583","38,532","39,602"
"UKI31",,,"Camden and City of London","19,109","20,991","21,861","24,389","24,592","24,223","25,063","26,106","28,151","30,771","33,441","35,863","37,360","37,414","35,021","36,318","37,324"
"UKI32",,,"Westminster","20,028","21,605","22,836","25,346","25,456","24,832","25,322","26,111","27,477","29,905","32,700","35,460","38,605","39,753","39,570","42,221","43,577"
"UKI33",,,"Kensington & Chelsea and Hammersmith & Fulham","18,716","20,214","21,363","23,781","24,162","23,617","24,391","25,338","27,322","29,925","32,559","34,960","37,447","38,746","38,028","40,632","42,116"
"UKI34",,,"Wandsworth","18,411","19,944","21,324","24,202","24,908","24,369","25,114","26,359","28,463","30,810","33,289","34,917","36,196","35,705","34,007","35,237","35,734"
,,,,,,,,,,,,,,,,,,,,
"UKI4",,"Inner London - East",,"10,237","10,816","11,551","12,662","13,098","13,322","13,867","14,416","15,206","16,196","17,021","17,538","18,071","19,032","19,112","19,731","19,841"
"UKI41",,,"Hackney and Newham","10,887","11,447","12,061","13,129","13,552","13,621","14,211","14,896","15,825","16,863","17,635","17,985","18,170","18,740","18,580","19,149","19,288"
"UKI42",,,"Tower Hamlets","11,264","11,884","12,581","13,774","14,193","14,184","14,738","15,238","16,051","16,979","17,697","18,122","18,485","19,139","18,976","19,525","19,461"
"UKI43",,,"Haringey and Islington","10,242","10,870","11,838","13,030","13,570","13,820","14,271","14,840","15,577","16,627","17,482","18,025","18,843","20,135","20,077","20,754","20,890"
"UKI44",,,"Lewisham and Southwark","9,575","10,120","10,764","11,803","12,213","12,546","13,169","13,649","14,365","15,293","16,150","16,737","17,325","18,427","18,863","19,480","19,595"
"UKI45",,,"Lambeth","9,674","10,236","11,008","12,137","12,500","12,869","13,309","13,764","14,520","15,496","16,375","17,057","17,784","18,924","19,195","19,881","20,038"
,,,,,,,,,,,,,,,,,,,,
"UKI5",,"Outer London - East and North East",,"10,524","11,202","11,413","12,308","13,104","13,339","13,773","14,032","14,298","14,672","15,403","15,924","16,388","17,021","17,079","17,602","17,019"
"UKI51",,,"Bexley and Greenwich","10,546","11,223","11,487","12,354","13,109","13,304","13,683","13,900","14,133","14,529","15,312","15,892","16,404","17,043","16,944","17,367","16,911"
"UKI52",,,"Barking & Dagenham and Havering","10,109","10,796","10,949","11,844","12,620","12,917","13,433","13,741","14,043","14,468","15,269","15,838","16,173","16,780","16,900","17,377","16,801"
"UKI53",,,"Redbridge and Waltham Forest","10,630","11,281","11,532","12,442","13,266","13,520","13,916","14,167","14,425","14,715","15,349","15,769","16,153","16,764","17,006","17,599","16,929"
"UKI54",,,"Enfield","10,900","11,616","11,755","12,667","13,506","13,682","14,147","14,420","14,701","15,109","15,822","16,355","17,060","17,759","17,654","18,277","17,637"
,,,,,,,,,,,,,,,,,,,,
"UKI6",,"Outer London - South",,"12,098","12,849","13,401","14,468","15,121","15,360","16,078","16,702","17,198","17,811","18,574","18,945","19,309","20,408","20,685","21,413","21,665"
"UKI61",,,"Bromley","11,780","12,626","13,166","14,275","14,998","15,212","15,929","16,540","16,994","17,591","18,352","18,740","19,280","20,417","21,037","21,746","22,021"
"UKI62",,,"Croydon","12,265","12,966","13,607","14,703","15,427","15,678","16,411","17,045","17,603","18,287","19,038","19,321","19,446","20,274","20,217","20,966","21,182"
"UKI63",,,"Merton, Kingston upon Thames and Sutton","12,174","12,901","13,404","14,427","14,994","15,240","15,948","16,574","17,052","17,630","18,401","18,816","19,236","20,492","20,796","21,521","21,783"
,,,,,,,,,,,,,,,,,,,,
"UKI7",,"Outer London - West and North West",,"12,196","13,032","13,577","14,628","15,301","15,742","16,279","16,531","17,075","17,632","18,401","19,048","19,450","20,496","20,608","21,268","21,539"
"UKI71",,,"Barnet","12,266","12,981","13,545","14,567","15,273","15,735","16,237","16,489","17,028","17,594","18,333","19,076","19,650","20,972","21,184","21,846","22,017"
"UKI72",,,"Brent","12,905","13,621","14,210","15,168","15,720","16,256","16,961","17,379","18,052","18,533","19,198","19,645","19,797","20,646","20,530","21,311","21,587"
"UKI73",,,"Ealing","11,961","12,753","13,203","14,184","14,794","15,200","15,728","16,008","16,619","17,224","18,059","18,685","19,055","20,057","20,465","21,230","21,520"
"UKI74",,,"Harrow and Hillingdon","11,782","12,673","13,220","14,289","15,019","15,456","15,992","16,232","16,726","17,283","18,081","18,688","18,869","19,811","19,983","20,524","20,835"
"UKI75",,,"Hounslow and Richmond upon Thames","12,336","13,314","13,887","15,055","15,765","16,158","16,619","16,748","17,220","17,775","18,547","19,313","20,031","21,140","21,036","21,667","21,953"
,,,,,,,,,,,,,,,,,,,,
"UKJ","South East",,,"11,670","12,332","12,748","13,679","14,399","14,853","15,141","15,427","15,997","16,709","17,608","17,714","18,319","19,192","19,288","19,786","19,898"
,,,,,,,,,,,,,,,,,,,,
"UKJ1",,"Berkshire, Buckinghamshire and Oxfordshire",,"12,385","13,074","13,424","14,609","15,127","15,602","15,966","16,249","16,787","17,719","18,601","18,738","19,210","20,122","20,136","20,703","20,660"
"UKJ11",,,"Berkshire","12,315","13,064","13,400","14,674","14,937","15,418","15,889","16,015","16,619","17,262","18,505","18,628","18,934","19,604","19,875","20,407","20,373"
"UKJ12",,,"Milton Keynes","10,268","10,855","11,452","12,264","12,548","13,201","13,602","14,157","14,595","15,016","15,842","16,104","16,333","17,131","17,077","17,623","17,709"
"UKJ13",,,"Buckinghamshire CC","13,657","14,371","14,836","16,078","17,083","17,403","17,821","18,215","18,779","20,061","20,957","21,079","21,846","22,875","22,839","23,435","23,341"
"UKJ14",,,"Oxfordshire","12,180","12,815","13,018","14,178","14,736","15,277","15,454","15,766","16,243","17,470","17,900","18,034","18,604","19,806","19,558","20,155","20,095"
,,,,,,,,,,,,,,,,,,,,
"UKJ2",,"Surrey, East and West Sussex",,"12,530","13,352","13,859","14,677","15,531","15,974","16,250","16,506","17,311","18,119","19,058","19,016","19,593","20,648","20,792","21,281","21,437"
"UKJ21",,,"Brighton and Hove","10,834","11,476","11,693","12,446","13,316","13,848","14,158","14,581","15,246","15,429","16,044","16,333","17,013","17,647","17,747","18,220","18,128"
"UKJ22",,,"East Sussex CC","10,591","11,158","11,699","12,547","13,289","13,525","13,859","13,828","14,556","15,135","16,443","16,500","17,113","18,331","18,377","18,362","18,499"
"UKJ25",,,"West Surrey","14,225","15,286","16,088","16,801","17,645","18,256","18,472","18,806","19,805","21,005","22,029","21,893","22,572","23,660","23,902","24,622","24,706"
"UKJ26",,,"East Surrey","14,656","15,770","16,524","17,224","18,078","18,700","18,872","19,198","20,272","21,495","22,400","22,182","22,657","23,828","23,737","24,387","24,479"
"UKJ27",,,"West Sussex (South West)","11,812","12,560","12,700","13,665","14,607","14,884","15,242","15,508","16,129","16,765","17,515","17,499","18,022","19,103","19,406","19,962","20,306"
"UKJ28",,,"West Sussex (North East)","11,718","12,375","12,577","13,578","14,501","14,882","15,197","15,534","16,114","16,664","17,365","17,297","17,687","18,595","18,770","19,285","19,638"
,,,,,,,,,,,,,,,,,,,,
"UKJ3",,"Hampshire and Isle of Wight",,"10,629","11,179","11,545","12,415","13,137","13,566","13,880","14,192","14,522","15,040","15,966","16,216","16,929","17,571","17,687","18,202","18,236"
"UKJ31",,,"Portsmouth","8,537","8,981","9,419","10,299","10,548","11,059","11,263","11,115","11,053","11,253","11,951","12,188","12,892","13,365","13,365","13,610","13,614"
"UKJ32",,,"Southampton","8,824","9,271","9,206","10,020","10,385","10,783","11,072","11,251","11,334","11,842","12,613","12,749","13,300","13,664","13,716","14,036","14,013"
"UKJ34",,,"Isle of Wight","8,804","9,284","9,672","10,236","11,217","11,429","11,753","12,061","12,554","13,147","13,851","14,028","14,972","15,910","16,127","16,632","17,109"
"UKJ35",,,"South Hampshire","11,256","11,842","12,227","13,062","13,884","14,346","14,715","15,198","15,655","16,219","17,188","17,512","18,063","18,675","18,949","19,537","19,563"
"UKJ36",,,"Central Hampshire","11,541","12,143","12,628","13,573","14,444","14,886","15,226","15,598","16,033","16,594","17,622","17,874","18,811","19,608","19,726","20,330","20,348"
"UKJ37",,,"North Hampshire","11,602","12,190","12,563","13,525","14,315","14,749","15,041","15,432","15,806","16,326","17,325","17,576","18,187","18,833","18,844","19,456","19,410"
,,,,,,,,,,,,,,,,,,,,
"UKJ4",,"Kent",,"10,506","10,997","11,397","12,249","13,021","13,498","13,684","14,000","14,503","14,983","15,808","15,949","16,655","17,439","17,546","17,953","18,281"
"UKJ41",,,"Medway","9,801","10,267","10,535","11,292","11,960","12,430","12,577","13,055","13,389","13,776","14,482","14,669","15,326","15,881","15,987","16,488","16,333"
"UKJ43",,,"Kent Thames Gateway","10,659","11,091","11,503","12,349","13,070","13,591","13,819","14,153","14,687","15,211","16,045","16,162","16,609","17,360","17,407","17,775","18,176"
"UKJ44",,,"East Kent","10,544","11,043","11,453","12,309","13,116","13,542","13,711","13,984","14,555","15,078","15,956","16,157","16,871","17,644","17,901","18,279","18,756"
"UKJ45",,,"Mid Kent","10,939","11,472","11,911","12,798","13,553","13,979","14,148","14,417","14,924","15,382","16,197","16,302","16,929","17,728","17,553","17,978","18,363"
"UKJ46",,,"West Kent","10,527","11,052","11,500","12,401","13,259","13,809","14,023","14,287","14,782","15,239","16,074","16,143","17,176","18,170","18,336","18,745","19,115"
,,,,,,,,,,,,,,,,,,,,
"UKK","South West",,,"10,203","10,670","11,055","11,771","12,366","12,721","13,252","13,599","14,173","14,841","15,403","15,717","16,061","17,012","17,184","17,523","17,693"
,,,,,,,,,,,,,,,,,,,,
"UKK1",,"Gloucestershire, Wiltshire and Bristol/Bath area",,"10,634","11,137","11,568","12,385","12,936","13,278","13,813","14,131","14,729","15,360","15,918","16,234","16,524","17,412","17,592","17,971","18,176"
"UKK11",,,"Bristol, City of","9,649","10,093","10,353","11,219","11,918","12,164","12,635","13,043","13,106","13,639","14,298","14,534","14,707","15,663","15,906","16,235","16,422"
"UKK12",,,"Bath and North East Somerset, North Somerset and South Gloucestershire","11,162","11,854","12,296","12,827","13,067","13,419","14,088","14,285","14,914","15,684","16,266","16,723","16,902","17,835","18,054","18,363","18,493"
"UKK13",,,"Gloucestershire","10,715","11,115","11,619","12,590","13,204","13,404","13,748","14,231","15,233","15,896","16,400","16,760","17,122","18,157","18,221","18,692","18,793"
"UKK14",,,"Swindon","10,223","11,018","11,380","12,165","13,012","13,615","14,033","14,273","14,591","15,013","15,345","15,564","16,166","16,377","16,476","17,004","17,365"
"UKK15",,,"Wiltshire","10,878","11,177","11,674","12,651","13,290","13,772","14,466","14,699","15,347","15,925","16,528","16,711","17,044","17,925","18,188","18,529","18,928"
,,,,,,,,,,,,,,,,,,,,
"UKK2",,"Dorset and Somerset",,"10,324","10,824","11,296","11,962","12,616","12,912","13,565","13,982","14,538","15,348","15,898","16,168","16,274","17,417","17,683","17,935","18,206"
"UKK21",,,"Bournemouth and Poole","10,237","10,748","11,166","12,361","12,812","13,126","13,721","14,209","14,729","15,398","16,087","16,196","16,071","17,044","17,173","17,250","17,563"
"UKK22",,,"Dorset CC","10,561","11,137","11,511","12,194","12,828","13,292","13,939","14,319","14,878","15,908","16,347","16,628","16,787","18,081","18,510","18,831","18,949"
"UKK23",,,"Somerset","10,190","10,623","11,207","11,536","12,332","12,484","13,178","13,583","14,158","14,878","15,432","15,791","15,997","17,128","17,357","17,670","18,033"
,,,,,,,,,,,,,,,,,,,,
"UKK3",,"Cornwall and Isles of Scilly",,"9,110","9,490","9,698","10,296","11,053","11,585","11,976","12,284","12,793","13,416","14,019","14,111","14,686","15,758","15,943","16,306","16,489"
"UKK30",,,"Cornwall and Isles of Scilly","9,110","9,490","9,698","10,296","11,053","11,585","11,976","12,284","12,793","13,416","14,019","14,111","14,686","15,758","15,943","16,306","16,489"
,,,,,,,,,,,,,,,,,,,,
"UKK4",,"Devon",,"9,702","10,100","10,379","11,005","11,551","11,916","12,372","12,714","13,288","13,890","14,452","14,909","15,518","16,323","16,362","16,704","16,681"
"UKK41",,,"Plymouth","8,594","9,102","9,442","10,228","10,492","10,755","11,253","11,566","11,700","12,113","12,676","13,035","13,489","14,451","14,534","15,008","14,837"
"UKK42",,,"Torbay","9,076","9,341","9,633","10,744","10,881","11,166","11,768","12,063","12,743","13,233","13,593","14,046","14,405","15,411","15,559","15,861","15,971"
"UKK43",,,"Devon CC","10,216","10,590","10,843","11,322","12,036","12,450","12,864","13,223","13,930","14,616","15,212","15,702","16,408","17,124","17,131","17,432","17,434"
,,,,,,,,,,,,,,,,,,,,
"UKL","Wales",,,"8,640","8,892","9,247","9,887","10,415","10,822","11,406","11,843","12,323","12,586","13,028","13,587","13,791","14,401","14,567","15,074","15,413"
,,,,,,,,,,,,,,,,,,,,
"UKL1",,"West Wales and The Valleys",,"8,479","8,738","9,024","9,598","10,141","10,531","11,096","11,503","11,996","12,202","12,610","13,161","13,387","13,928","14,061","14,556","14,868"
"UKL11",,,"Isle of Anglesey","8,605","9,043","9,479","9,681","10,054","10,391","11,235","11,809","12,293","12,165","12,820","13,698","14,162","14,866","15,130","15,439","15,601"
"UKL12",,,"Gwynedd","7,991","8,302","8,617","9,143","9,755","10,198","11,084","11,258","11,955","12,382","12,842","12,852","13,345","13,931","14,012","14,404","14,471"
"UKL13",,,"Conwy and Denbighshire","9,490","9,772","10,005","10,504","10,917","11,440","11,893","12,438","13,238","13,283","13,605","14,281","14,445","15,126","15,457","16,013","16,391"
"UKL14",,,"South West Wales","8,395","8,588","8,957","9,009","9,487","10,003","10,607","10,922","11,832","12,370","12,628","13,283","13,642","14,353","14,626","15,125","15,606"
"UKL15",,,"Central Valleys","7,543","7,684","7,929","8,618","9,566","10,098","10,508","11,044","11,536","11,698","12,158","12,533","12,687","13,250","13,336","13,803","14,126"
"UKL16",,,"Gwent Valleys","8,278","8,574","8,916","9,858","10,147","10,401","11,058","11,405","11,604","11,537","12,055","12,425","12,514","13,009","13,192","13,686","14,067"
"UKL17",,,"Bridgend and Neath Port Talbot","9,068","9,356","9,483","10,364","10,766","10,863","11,416","11,884","12,183","12,404","12,932","13,392","13,552","14,021","13,939","14,513","14,773"
"UKL18",,,"Swansea","8,756","9,079","9,366","9,925","10,726","11,134","11,561","11,913","12,008","12,242","12,493","13,534","13,760","13,958","13,913","14,407","14,503"
,,,,,,,,,,,,,,,,,,,,
"UKL2",,"East Wales",,"8,928","9,164","9,642","10,393","10,897","11,333","11,948","12,438","12,893","13,253","13,754","14,324","14,486","15,213","15,434","15,959","16,340"
"UKL21",,,"Monmouthshire and Newport","9,116","9,258","9,826","10,589","11,252","11,740","12,286","12,591","13,194","13,556","14,362","14,922","14,795","15,427","15,694","16,278","16,075"
"UKL22",,,"Cardiff and Vale of Glamorgan","8,986","9,359","9,825","10,355","10,913","11,384","12,034","12,541","12,936","13,405","13,766","14,367","14,623","15,300","15,423","15,999","16,520"
"UKL23",,,"Flintshire and Wrexham","8,982","9,238","9,471","10,554","10,886","11,251","11,891","12,521","12,855","13,023","13,372","13,865","14,029","14,742","15,134","15,532","16,112"
"UKL24",,,"Powys","8,276","8,171","9,065","9,829","10,237","10,623","11,190","11,641","12,301","12,698","13,464","14,104","14,441","15,543","15,660","16,175","16,667"
,,,,,,,,,,,,,,,,,,,,
"UKM","Scotland",,,"9,437","9,808","10,066","10,731","11,346","11,849","12,231","12,747","13,228","13,664","14,461","15,099","15,365","16,082","16,269","16,705","17,039"
,,,,,,,,,,,,,,,,,,,,
"UKM2",,"Eastern Scotland",,"9,728","10,129","10,471","11,118","11,783","12,299","12,756","13,365","13,802","14,240","15,019","15,596","15,815","16,487","16,766","17,229","17,471"
"UKM21",,,"Angus and Dundee City","9,251","9,522","9,731","10,469","11,201","11,683","12,024","12,269","12,373","12,673","13,488","14,428","14,461","14,720","14,899","15,274","15,367"
"UKM22",,,"Clackmannanshire and Fife","8,833","9,271","9,564","10,150","10,621","11,175","11,678","12,127","12,398","12,335","13,399","14,091","14,402","14,966","15,052","15,468","15,797"
"UKM23",,,"East Lothian and Midlothian","9,642","9,934","10,366","11,108","11,270","11,657","12,443","13,601","14,378","14,749","15,424","16,094","16,496","17,715","17,876","18,345","18,860"
"UKM24",,,"Scottish Borders","9,128","9,563","10,147","10,481","11,034","11,490","12,405","12,932","13,661","13,981","14,834","15,450","15,813","16,800","16,900","17,072","17,953"
"UKM25",,,"Edinburgh, City of","11,236","11,767","12,188","12,941","13,848","14,583","14,824","15,507","16,117","16,841","17,403","17,896","18,286","18,789","19,280","19,887","20,083"
"UKM26",,,"Falkirk","8,636","9,041","9,285","10,016","10,376","11,246","11,540","11,971","12,481","13,051","13,791","14,422","14,335","14,721","15,128","15,724","15,829"
"UKM27",,,"Perth & Kinross and Stirling","11,014","11,229","11,446","11,672","12,726","12,582","13,263","14,371","14,802","15,649","16,354","16,563","16,756","17,571","18,103","18,538","18,910"
"UKM28",,,"West Lothian","8,151","8,656","9,114","10,092","10,822","11,494","11,841","12,196","12,471","13,040","13,841","14,133","13,951","15,166","15,192","15,550","15,109"
,,,,,,,,,,,,,,,,,,,,
"UKM3",,"South Western Scotland",,"9,086","9,448","9,748","10,467","11,010","11,506","11,862","12,293","12,685","13,045","13,801","14,342","14,654","15,190","15,284","15,659","16,075"
"UKM31",,,"East Dunbartonshire, West Dunbartonshire and Helensburgh & Lomond","9,188","9,484","10,464","11,384","11,856","12,350","12,641","13,123","13,624","14,196","14,825","15,639","15,967","16,866","17,019","17,534","18,298"
"UKM32",,,"Dumfries & Galloway","9,210","9,399","9,612","10,044","10,390","10,829","11,298","11,468","11,908","12,402","13,387","14,123","14,817","15,425","15,462","15,959","16,489"
"UKM33",,,"East Ayrshire and North Ayrshire mainland","8,336","8,573","8,796","9,252","10,098","10,679","11,058","11,532","12,007","12,299","13,056","13,328","13,679","14,479","14,583","14,828","15,066"
"UKM34",,,"Glasgow City","8,716","9,075","9,296","10,112","10,586","11,094","11,653","11,920","12,042","12,495","13,323","13,652","13,938","14,127","14,150","14,430","14,927"
"UKM35",,,"Inverclyde, East Renfrewshire and Renfrewshire","10,146","10,497","10,813","11,581","12,385","12,524","12,837","13,488","13,750","14,197","14,829","15,570","15,881","16,567","16,533","17,179","17,685"
"UKM36",,,"North Lanarkshire","8,650","9,098","9,211","9,976","10,479","10,913","11,223","11,586","12,007","12,094","12,940","13,555","13,715","13,994","14,179","14,462","14,974"
"UKM37",,,"South Ayrshire","9,232","9,621","9,796","10,441","11,136","11,557","12,068","12,841","13,436","13,994","14,403","15,184","15,536","16,668","16,865","17,334","17,569"
"UKM38",,,"South Lanarkshire","9,476","9,993","10,255","10,908","11,176","12,115","12,104","12,607","13,381","13,524","14,309","14,804","15,100","15,691","15,923","16,208","16,183"
,,,,,,,,,,,,,,,,,,,,
"UKM5",,"North Eastern Scotland",,"10,849","11,229","11,074","11,763","12,549","13,024","13,271","13,793","14,849","15,639","16,557","17,683","17,464","18,666","19,223","19,740","20,159"
"UKM50",,,"Aberdeen City and Aberdeenshire","10,849","11,229","11,074","11,763","12,549","13,024","13,271","13,793","14,849","15,639","16,557","17,683","17,464","18,666","19,223","19,740","20,159"
,,,,,,,,,,,,,,,,,,,,
"UKM6",,"Highlands and Islands",,"8,602","8,882","8,961","9,378","9,981","10,484","10,816","11,356","11,900","12,347","13,279","14,166","14,864","16,176","16,023","16,523","16,724"
"UKM61",,,"Caithness & Sutherland and Ross & Cromarty","9,390","9,719","10,192","10,131","10,901","11,515","11,820","12,058","12,652","13,241","13,589","14,301","15,078","15,918","16,112","16,835","17,153"
"UKM62",,,"Inverness & Nairn and Moray, Badenoch & Strathspey","8,388","8,749","8,873","9,297","9,727","10,047","10,348","11,154","11,484","11,690","13,027","14,057","14,317","16,252","15,879","16,409","16,601"
"UKM63",,,"Lochaber, Skye & Lochalsh, Arran & Cumbrae and Argyll & Bute","8,267","8,221","8,055","8,877","9,635","10,410","10,835","11,177","12,002","12,740","13,416","14,202","15,450","16,022","15,862","16,224","16,177"
"UKM64",,,"Eilean Siar (Western Isles)","8,540","8,988","8,759","9,069","9,625","10,579","10,723","11,326","11,702","11,685","12,381","13,159","13,670","14,554","14,570","14,651","15,392"
"UKM65",,,"Orkney Islands","7,816","8,707","8,793","8,911","9,064","9,892","9,963","10,267","11,105","11,711","13,802","14,629","15,754","17,671","18,062","18,520","18,579"
"UKM66",,,"Shetland Islands","9,398","9,593","9,260","10,060","11,102","10,569","11,326","11,974","12,730","13,711","14,109","15,168","16,657","17,823","17,433","17,882","18,266"
,,,,,,,,,,,,,,,,,,,,
"UKN","Northern Ireland",,,"8,157","8,535","8,646","9,339","9,660","10,105","10,799","11,175","11,881","12,547","13,430","13,496","13,595","14,034","14,117","14,323","14,347"
,,,,,,,,,,,,,,,,,,,,
"UKN0",,"Northern Ireland",,"8,157","8,535","8,646","9,339","9,660","10,105","10,799","11,175","11,881","12,547","13,430","13,496","13,595","14,034","14,117","14,323","14,347"
"UKN01",,,"Belfast","9,207","9,621","9,879","10,555","10,748","11,040","11,714","11,571","12,031","12,621","13,100","13,732","13,981","14,384","14,288","14,581","15,049"
"UKN02",,,"Outer Belfast","8,891","9,225","9,402","10,289","10,728","11,190","11,880","12,462","12,961","13,459","14,506","14,749","14,744","15,095","15,105","15,474","15,208"
"UKN03",,,"East of Northern Ireland","8,622","9,096","9,063","9,725","9,972","10,462","11,103","11,403","12,194","13,051","14,022","14,097","14,165","14,660","14,739","14,935","15,010"
"UKN04",,,"North of Northern Ireland","6,633","6,864","7,032","7,716","8,144","8,818","9,567","9,920","11,001","11,587","12,270","12,049","12,360","12,875","13,150","13,177","12,910"
"UKN05",,,"West and South of Northern Ireland","7,208","7,624","7,682","8,239","8,563","8,899","9,638","10,299","11,021","11,761","12,825","12,523","12,500","12,935","13,078","13,212","13,357"
,,,,,,,,,,,,,,,,,,,,
,,,,,,,,,,,,,,,,,,,,
"1 Household income covers the income received by households and non profit making institutions serving households.",,,,,,,,,,,,,,,,,,,,
"2 Provisional.",,,,,,,,,,,,,,,,,,,,
